"Peptide","Immunogenicity","ContactPositions"
"YIYYFFIRL","Negative","YYFFIR"
"CYITIDDHY","Negative","ITIDDH"
"MTDDIGMGV","Positive","DDIGMG"
"AYHPQQFIY","Positive","HPQQFI"
"GYPALMPLY","Positive","PALMPL"
"AFNDDGIYI","Negative","NDDGIY"
"NEMLNELGY","Negative","MLNELG"
"IPQYGYLTL","Positive","QYGYLT"
"IMNRRKRSV","Positive","NRRKRS"
"APLQRSQSL","Positive","LQRSQS"
"VVKATYLLK","Negative","KATYLL"
"TVIEVQGYK","Negative","IEVQGY"
"VRMILLTHF","Positive","MILLTH"
"VMLEMLNYV","Negative","LEMLNY"
"GMSRIGMEV","Positive","SRIGME"
"FLSRLVLYA","Negative","SRLVLY"
"CEKLEQSGL","Positive","KLEQSG"
"MAFIAFLRF","Positive","FIAFLR"
"LFYVYYNLF","Negative","YVYYNL"
"IPFLGIRET","Negative","FLGIRE"
"KTDKWDFYC","Negative","DKWDFY"
"YILEETSVM","Positive","LEETSV"
"NFLRSIAML","Negative","LRSIAM"
"LLYGFVNYI","Positive","YGFVNY"
"NWAPSVRLL","Negative","APSVRL"
"ILMALFGIK","Negative","MALFGI"
"AVMEKNIVL","Positive","MEKNIV"
"ASAQIHLYY","Negative","AQIHLY"
"SPGSGFWSF","Positive","GSGFWS"
"AMVGAVLTA","Positive","VGAVLT"
"WMMAMKYPI","Negative","MAMKYP"
"RAVPVAVWL","Positive","VPVAVW"
"KCYGVSPTK","Positive","YGVSPT"
"VSEHFSLLF","Positive","EHFSLL"
"CPEEKQRHL","Positive","EEKQRH"
"VVSVLTHSV","Positive","SVLTHS"
"EECIVDIYL","Negative","CIVDIY"
"AVLDISVSY","Negative","LDISVS"
"FEVFVVFIL","Negative","VFVVFI"
"KTDFGFYQV","Positive","DFGFYQ"
"MVIERYLFL","Positive","IERYLF"
"ALCENTCLL","Negative","CENTCL"
"KPNYQRKPL","Negative","NYQRKP"
"LILERSPTA","Positive","LERSPT"
"KYSQTGKEL","Negative","SQTGKE"
"NPITLTAAL","Positive","ITLTAA"
"SPRPEMQEF","Negative","RPEMQE"
"DVTAMILLK","Negative","TAMILL"
"SHAPYTITY","Negative","APYTIT"
"IPYEGNSSM","Negative","YEGNSS"
"VMATLLPPV","Positive","ATLLPP"
"VPNYNLIIM","Positive","NYNLII"
"FLFVIGALA","Negative","FVIGAL"
"VFKNIDGYF","Positive","KNIDGY"
"AFLTNVPYK","Positive","LTNVPY"
"TPAETTVRL","Positive","AETTVR"
"AMKVDANYF","Negative","KVDANY"
"YRRTCGQGI","Negative","RTCGQG"
"ISDTASLCY","Negative","DTASLC"
"RLLPLWAAL","Positive","LPLWAA"
"AYRRRWRRL","Positive","RRRWRR"
"LYQLLEAVY","Negative","QLLEAV"
"LESNGLVRL","Negative","SNGLVR"
"EENSIVVEL","Negative","NSIVVE"
"RPKPLLLKL","Negative","KPLLLK"
"KIYSENLTL","Positive","YSENLT"
"FYRVKQISI","Negative","RVKQIS"
"FMGVLVNSL","Positive","GVLVNS"
"GTFKSVAVK","Positive","FKSVAV"
"LLLEGGILF","Positive","LEGGIL"
"YFTAKINEM","Negative","TAKINE"
"SLLPAIVEL","Positive","LPAIVE"
"KYLAKILCL","Negative","LAKILC"
"FLIPKGFYA","Negative","IPKGFY"
"YSKNLNSFF","Positive","KNLNSF"
"WFFTLIDIW","Negative","FTLIDI"
"NEVAKKLPY","Negative","VAKKLP"
"LEFLYSFFL","Negative","FLYSFF"
"ITENYRNPY","Negative","ENYRNP"
"SRYWAIRTR","Positive","YWAIRT"
"HEKRTNYEY","Negative","KRTNYE"
"SLDPTTSPV","Positive","DPTTSP"
"SRLTYQWHK","Negative","LTYQWH"
"SESTIDIIL","Negative","STIDII"
"SQHSTPPKK","Positive","HSTPPK"
"LLPRRGPRL","Positive","PRRGPR"
"YTIIDQENY","Negative","IIDQEN"
"QNSCRVDEY","Negative","SCRVDE"
"LAAVYRINW","Positive","AVYRIN"
"YPHYKSCAL","Negative","HYKSCA"
"AEMWAQDAA","Positive","MWAQDA"
"ISNGRHNGY","Negative","NGRHNG"
"NPVTVINEY","Positive","VTVINE"
"AYQSIKVRI","Positive","QSIKVR"
"LLEIDHINK","Negative","EIDHIN"
"SLLRSLENV","Positive","LRSLEN"
"ALSEGVYRI","Positive","SEGVYR"
"KVYEGVWKK","Positive","YEGVWK"
"LLAGTLAVV","Positive","AGTLAV"
"ASESLQLVF","Negative","ESLQLV"
"FMIGYTSAL","Positive","IGYTSA"
"KAKGSRAIW","Positive","KGSRAI"
"RLSDFSEQL","Positive","SDFSEQ"
"YAQMWQLMY","Positive","QMWQLM"
"DSDDWLNKY","Positive","DDWLNK"
"EKDYALYIY","Negative","DYALYI"
"RVSLEFIRR","Negative","SLEFIR"
"LQPPCPNLV","Positive","PPCPNL"
"KVETVYWSR","Negative","ETVYWS"
"ITMSAFLIV","Negative","MSAFLI"
"YLRKHFSMM","Negative","RKHFSM"
"CYIKNKTVF","Negative","IKNKTV"
"YVNAILYQI","Positive","NAILYQ"
"HETIARRGY","Negative","TIARRG"
"YLAKLTALV","Positive","AKLTAL"
"TMRLRHLAF","Negative","RLRHLA"
"TILDSSSSF","Positive","LDSSSS"
"RVVYALLSR","Negative","VYALLS"
"GYTALHYYY","Negative","TALHYY"
"SLPPPGTRV","Positive","PPPGTR"
"KVYDKLFPV","Negative","YDKLFP"
"MFLARGIVF","Negative","LARGIV"
"ERIDDFLAA","Positive","IDDFLA"
"GWIPETAIW","Negative","IPETAI"
"YLDPAQQNL","Positive","DPAQQN"
"GYNILDILW","Negative","NILDIL"
"RIFAELEGV","Positive","FAELEG"
"ILGALLSIL","Positive","GALLSI"
"WSMATYYLF","Negative","MATYYL"
"GPKVKRPPI","Positive","KVKRPP"
"YYQLAGYIL","Negative","QLAGYI"
"YLEPGPATA","Positive","EPGPAT"
"SHAPGYTLY","Negative","APGYTL"
"ETFTETWNR","Positive","FTETWN"
"VLKDAIKDL","Positive","KDAIKD"
"MVLAYLQIF","Positive","LAYLQI"
"LLDTASALY","Positive","DTASAL"
"QGFPWDILF","Positive","FPWDIL"
"VPLTEDALL","Positive","LTEDAL"
"IPITAAAWY","Positive","ITAAAW"
"LSALHTILY","Negative","ALHTIL"
"KLLMVLMLA","Positive","LMVLML"
"GESKSYCEL","Positive","SKSYCE"
"RFDKSTNIL","Negative","DKSTNI"
"TLLGMTLAA","Negative","LGMTLA"
"YLLFMIGYA","Positive","LFMIGY"
"ILLSDILRV","Negative","LSDILR"
"SLMSGVEPL","Positive","MSGVEP"
"FETLAHDEL","Negative","TLAHDE"
"FSNDKGFPK","Negative","NDKGFP"
"LPLVSSQCV","Positive","LVSSQC"
"IVIYPNFSK","Negative","IYPNFS"
"APVIKARMM","Positive","VIKARM"
"FAWYLKGKW","Positive","WYLKGK"
"PFIDTVSVY","Negative","IDTVSV"
"LIVENAPIL","Positive","VENAPI"
"RIKDFLRNL","Positive","KDFLRN"
"KLSEMSVTL","Negative","SEMSVT"
"GTHVLLPFY","Positive","HVLLPF"
"LLWPLYVLL","Negative","WPLYVL"
"KTFFPIYKR","Positive","FFPIYK"
"EISGSSARY","Negative","SGSSAR"
"KLWHYCSTL","Positive","WHYCST"
"SLTSINVQA","Positive","TSINVQ"
"NHDSPDAEL","Positive","DSPDAE"
"RPRFEHPHL","Positive","RFEHPH"
"VLDKVEETV","Positive","DKVEET"
"FVEVNISYY","Negative","EVNISY"
"RAPPTTPAL","Positive","PPTTPA"
"ATIPIQASL","Positive","IPIQAS"
"VSDGGPNLY","Positive","DGGPNL"
"LLLGMYLEF","Positive","LGMYLE"
"VSNAVRHAK","Positive","NAVRHA"
"LLYENGVLV","Positive","YENGVL"
"ELMTLATWV","Positive","MTLATW"
"SLYLTVATL","Positive","YLTVAT"
"TLAARIKFL","Negative","AARIKF"
"LENSAFKSL","Negative","NSAFKS"
"NRESYMVPF","Negative","ESYMVP"
"RLLEAFQFV","Positive","LEAFQF"
"EEALTRLIF","Negative","ALTRLI"
"YLFNAIETM","Negative","FNAIET"
"ISKIYTLIY","Negative","KIYTLI"
"IPTITQMNL","Negative","TITQMN"
"ALLGNVFVL","Positive","LGNVFV"
"WISDNTHIY","Negative","SDNTHI"
"QVWEATATV","Negative","WEATAT"
"MTLDGFMMY","Positive","LDGFMM"
"HEDVTAMIL","Negative","DVTAMI"
"HVFQEYRLK","Negative","FQEYRL"
"RVRLPDPNK","Positive","RLPDPN"
"VYEAADMIM","Positive","EAADMI"
"ALSAGVGAV","Positive","SAGVGA"
"ILYGPLTRI","Positive","YGPLTR"
"MEAIRLYQF","Positive","AIRLYQ"
"GLDCARLEI","Positive","DCARLE"
"GYTALHCYL","Negative","TALHCY"
"VYTQLCDHR","Positive","TQLCDH"
"YVNTFSSTF","Positive","NTFSST"
"LLAFWELSA","Negative","AFWELS"
"KVVEFLAML","Negative","VEFLAM"
"GVYEPGKRR","Negative","YEPGKR"
"TPRYSGASV","Negative","RYSGAS"
"VPPEAKMPL","Negative","PEAKMP"
"GMLGFVFTL","Positive","LGFVFT"
"IASDAVAKY","Negative","SDAVAK"
"SVKPASSSF","Positive","KPASSS"
"KLVRELFRV","Positive","VRELFR"
"NPAEPSLMI","Negative","AEPSLM"
"NIRQAGVQY","Positive","RQAGVQ"
"AMLDLLKSV","Positive","LDLLKS"
"YLAPQWEPV","Positive","APQWEP"
"MTYAAPLFV","Positive","YAAPLF"
"EEGRGILIY","Negative","GRGILI"
"SLAAYIPRL","Positive","AAYIPR"
"SYATHSDKF","Negative","ATHSDK"
"IYEAVIHLY","Negative","EAVIHL"
"NMESASTEY","Negative","ESASTE"
"ILPLHGPEA","Positive","PLHGPE"
"ILHDNVVTL","Positive","HDNVVT"
"FQRQGQTAL","Positive","RQGQTA"
"FIFDALAEV","Positive","FDALAE"
"IESVDDNTY","Negative","SVDDNT"
"WLGARYLEF","Negative","GARYLE"
"RPADSITYL","Negative","ADSITY"
"EVVDMLSTY","Negative","VDMLST"
"AGDSGFAAY","Positive","DSGFAA"
"RYRHYKISL","Negative","RHYKIS"
"KVLAARLKR","Negative","LAARLK"
"FIPENQRTV","Positive","PENQRT"
"YYLSISGRF","Negative","LSISGR"
"YASNGILQY","Negative","SNGILQ"
"KTWGKNLVA","Positive","WGKNLV"
"LITGRLQSL","Positive","TGRLQS"
"ILWFFNAMV","Negative","WFFNAM"
"LPVNVAFEL","Negative","VNVAFE"
"EPSLMIDGI","Negative","SLMIDG"
"YKRCFPVIF","Negative","RCFPVI"
"FVQLFRVFK","Negative","QLFRVF"
"TNDQSFNDY","Positive","DQSFND"
"KYEMLHNFL","Negative","EMLHNF"
"LEFYLAMPF","Negative","FYLAMP"
"CYKGIKYEI","Negative","KGIKYE"
"ALSYSTGAL","Negative","SYSTGA"
"MLEGETKLY","Negative","EGETKL"
"ALYIYLFDY","Negative","YIYLFD"
"APLPPSTAT","Positive","LPPSTA"
"GLGTLGAAI","Positive","GTLGAA"
"RTQSPRRRR","Positive","QSPRRR"
"GLLTVCYVL","Positive","LTVCYV"
"TTIKPVTYK","Negative","IKPVTY"
"LPFDKSTVM","Positive","FDKSTV"
"SVNVSCLIK","Negative","NVSCLI"
"YLEEPIRGY","Negative","EEPIRG"
"LLMPAGVPL","Positive","MPAGVP"
"ILTAILFFM","Negative","TAILFF"
"LYAAEMVEY","Negative","AAEMVE"
"FRWYRVRRL","Positive","WYRVRR"
"CQWGRLWQL","Positive","WGRLWQ"
"LLLAEPFPV","Positive","LAEPFP"
"FRCRQYRRL","Positive","CRQYRR"
"SLPITVYYA","Positive","PITVYY"
"VLQAGFFIL","Positive","QAGFFI"
"EEAAGIGIL","Positive","AAGIGI"
"HIGIGLLSL","Positive","GIGLLS"
"GTSRSPPSY","Negative","SRSPPS"
"VLMIKALEL","Positive","MIKALE"
"GGWRLSAQW","Positive","WRLSAQ"
"LMLERALLV","Positive","LERALL"
"RPLYITLHL","Negative","LYITLH"
"NYNYLYRLF","Positive","NYLYRL"
"ATDALMSGF","Positive","DALMSG"
"FMGAGSKAV","Negative","GAGSKA"
"VYLHTNLLM","Negative","LHTNLL"
"EPDKHFSHY","Negative","DKHFSH"
"RTAIGIADY","Negative","AIGIAD"
"TLVAHGPSL","Positive","VAHGPS"
"MVLPGAANK","Negative","LPGAAN"
"VYVFPNTSI","Negative","VFPNTS"
"RMIAISAKV","Positive","IAISAK"
"MLKRVRNRV","Positive","KRVRNR"
"WTAGAAAYY","Positive","AGAAAY"
"HLAVIGALL","Negative","AVIGAL"
"DEELSDKIF","Negative","ELSDKI"
"SFSIFLLAL","Positive","SIFLLA"
"KESCNGLYY","Negative","SCNGLY"
"KPFKNMNKI","Negative","FKNMNK"
"MMFGFHHSV","Positive","FGFHHS"
"LETVKMGAF","Negative","TVKMGA"
"TDAEACYIY","Negative","AEACYI"
"ESDPIVAQY","Positive","DPIVAQ"
"MLMLAVIVA","Positive","MLAVIV"
"VSFIEFVGW","Positive","FIEFVG"
"YQDDPDLRF","Negative","DDPDLR"
"DLMGYIPLV","Positive","MGYIPL"
"LYALYSPLL","Negative","ALYSPL"
"HYSPRTEYW","Negative","SPRTEY"
"IECHFDKKF","Negative","CHFDKK"
"EVISVMKRR","Positive","ISVMKR"
"WMMFMVSQV","Negative","MFMVSQ"
"STAALGVLM","Positive","AALGVL"
"EAKKVKPTV","Positive","KKVKPT"
"YERHSLSHF","Positive","RHSLSH"
"APKKPKEPV","Negative","KKPKEP"
"ATSIYTIER","Negative","SIYTIE"
"RFIACLYLI","Negative","IACLYL"
"TLPGNPAIA","Negative","PGNPAI"
"YYNKRFIVY","Negative","NKRFIV"
"LSDEDDEVY","Negative","DEDDEV"
"LMASISSFL","Positive","ASISSF"
"ELDDYDYDY","Negative","DDYDYD"
"FFQFCPLIF","Positive","QFCPLI"
"YLDLLFQIL","Positive","DLLFQI"
"YNLRRGIAL","Positive","LRRGIA"
"QPVRIDNPV","Positive","VRIDNP"
"FPRIWLHGL","Positive","RIWLHG"
"FLGRYIVKL","Negative","GRYIVK"
"QMVSSVTFI","Positive","VSSVTF"
"FYNFIHLQL","Negative","NFIHLQ"
"RIAECILGM","Positive","AECILG"
"KLFNKVPIV","Positive","FNKVPI"
"MLIYSMWGK","Negative","IYSMWG"
"VFGISNIEF","Negative","GISNIE"
"ELKGMSYAM","Positive","KGMSYA"
"FVKHKHAFL","Positive","KHKHAF"
"ESKAKQLCY","Negative","KAKQLC"
"GLTNIFGYY","Negative","TNIFGY"
"CPRQRSSRA","Negative","RQRSSR"
"ALRANSAVK","Negative","RANSAV"
"NTNYTPYNR","Negative","NYTPYN"
"LYLINPNIL","Negative","LINPNI"
"TAMRVTTMK","Positive","MRVTTM"
"EFKSKFSTL","Positive","KSKFST"
"IPSNPRYGM","Positive","SNPRYG"
"VYGVSNFKI","Negative","GVSNFK"
"STTSISNYK","Negative","TSISNY"
"VLTSESMHV","Positive","TSESMH"
"IYSKAGNIL","Negative","SKAGNI"
"SLSRFSWGA","Positive","SRFSWG"
"YLCLAHVYK","Negative","CLAHVY"
"GPRLGVRTT","Positive","RLGVRT"
"LPIWARPDY","Positive","IWARPD"
"NTPSKTINY","Negative","PSKTIN"
"VAGALVAFK","Positive","GALVAF"
"AYLPRPVEF","Positive","LPRPVE"
"LPAIVREAI","Positive","AIVREA"
"SITEVECFL","Positive","TEVECF"
"APRGVRMAV","Negative","RGVRMA"
"EECASRAAL","Negative","CASRAA"
"FLDLPLPWL","Positive","DLPLPW"
"MQLIYDSSL","Negative","LIYDSS"
"NLLKDCPAV","Negative","LKDCPA"
"VPANPSTTF","Positive","ANPSTT"
"NTIMMLHCY","Negative","IMMLHC"
"RLMKHYPGI","Positive","MKHYPG"
"RILGVLVHL","Positive","LGVLVH"
"KTFDSEYVK","Positive","FDSEYV"
"CPMMMKRLM","Negative","MMMKRL"
"PYNSVTSSI","Negative","NSVTSS"
"FPSLREAAL","Negative","SLREAA"
"LLSYYVVYV","Positive","SYYVVY"
"NTQGYFPDW","Positive","QGYFPD"
"MLGTHTMEV","Negative","GTHTME"
"YLAYRNQSL","Positive","AYRNQS"
"STILYFTKY","Negative","ILYFTK"
"NTDAFSREY","Negative","DAFSRE"
"VPVTEDIDL","Positive","VTEDID"
"KTWAYHGSY","Positive","WAYHGS"
"VQAVTNAGK","Negative","AVTNAG"
"ALYSPLLNK","Negative","YSPLLN"
"AVDSFFEPY","Negative","DSFFEP"
"GMFANRWII","Positive","FANRWI"
"VLDCRTAFK","Negative","DCRTAF"
"TEARCFYGF","Negative","ARCFYG"
"KESHQIKLL","Negative","SHQIKL"
"MALKDFKEF","Positive","LKDFKE"
"GIFEDRAPV","Positive","FEDRAP"
"SVYPYDEFV","Positive","YPYDEF"
"SEIIGYKAI","Positive","IIGYKA"
"TMLGRRPPI","Positive","LGRRPP"
"YTYAFTKKV","Negative","YAFTKK"
"DASGKPVPY","Positive","SGKPVP"
"YLYVDKNFI","Negative","YVDKNF"
"STLSDSSGR","Negative","LSDSSG"
"GLAGGAATA","Positive","AGGAAT"
"HEYHKRPKL","Negative","YHKRPK"
"RRKMMYMCY","Positive","KMMYMC"
"VEKDCLMVF","Negative","KDCLMV"
"FFSINDIFI","Negative","SINDIF"
"NVRRSWEEL","Positive","RRSWEE"
"ASMTLSKSY","Negative","MTLSKS"
"HFLLSLVEF","Negative","LLSLVE"
"VYWYIWKEI","Negative","WYIWKE"
"TLPPRPDHI","Positive","PPRPDH"
"WIPPVVSVL","Positive","PPVVSV"
"VIVMLTPLV","Positive","VMLTPL"
"LPHAPGVQM","Positive","HAPGVQ"
"YYIFLPVYF","Negative","IFLPVY"
"NLKVRFKKV","Negative","KVRFKK"
"FMYRGLLGL","Negative","YRGLLG"
"FEKERFLFL","Positive","KERFLF"
"GEGLHKLGY","Positive","GLHKLG"
"ETRNYLYKY","Negative","RNYLYK"
"LPKLPGVPF","Positive","KLPGVP"
"ALSGLAVRL","Positive","SGLAVR"
"GTRKNSFIY","Negative","RKNSFI"
"ITYSTYGKF","Positive","YSTYGK"
"LLHGFSFHL","Positive","HGFSFH"
"TPKEKAQAL","Negative","KEKAQA"
"LPSFGVSGI","Positive","SFGVSG"
"LLIKGGVEV","Positive","IKGGVE"
"VLLLVTHYA","Positive","LLVTHY"
"EYHKRPKLL","Negative","HKRPKL"
"RLKPSLVGK","Positive","KPSLVG"
"MTVELMNLK","Negative","VELMNL"
"IANQAAILM","Positive","NQAAIL"
"YISDTVNIY","Negative","SDTVNI"
"TLESEIAKY","Negative","ESEIAK"
"IYQNTTVVI","Negative","QNTTVV"
"TLFNQCIKR","Negative","FNQCIK"
"TFFKFLADK","Positive","FKFLAD"
"KTKRATTPR","Negative","KRATTP"
"STLIVTIYV","Negative","LIVTIY"
"NEGLGWGAW","Negative","GLGWGA"
"STNVTIATY","Positive","NVTIAT"
"EEVVENPTI","Positive","VVENPT"
"VWENFLAHM","Negative","ENFLAH"
"TYGPVFMCL","Positive","GPVFMC"
"QRLHGLSAF","Positive","LHGLSA"
"AESWLWEVW","Negative","SWLWEV"
"HMAYSFQTF","Negative","AYSFQT"
"TVYILKHLK","Negative","YILKHL"
"TSIPEFGSY","Negative","IPEFGS"
"FASPADPKV","Positive","SPADPK"
"YLYQLSPPI","Positive","YQLSPP"
"ITYYIYNKR","Negative","YYIYNK"
"NTYPLIVRY","Negative","YPLIVR"
"PLPEAPLSL","Positive","PEAPLS"
"ARAKKDELR","Positive","AKKDEL"
"VFFTHGYFL","Negative","FTHGYF"
"IECHRINIL","Negative","CHRINI"
"TSKVKVINY","Negative","KVKVIN"
"FTNHFLVEL","Positive","NHFLVE"
"KLWQYCSVL","Negative","WQYCSV"
"TTSPARENY","Negative","SPAREN"
"KMNVFDTNL","Positive","NVFDTN"
"FYISIKSDY","Negative","ISIKSD"
"VLDGLDVLL","Negative","DGLDVL"
"YRSGIIAVV","Positive","SGIIAV"
"HSYFTSDYY","Positive","YFTSDY"
"ALVLEIFTL","Positive","VLEIFT"
"PSAQQFCQY","Negative","AQQFCQ"
"QLLDQVEQI","Positive","LDQVEQ"
"KYILSTADF","Negative","ILSTAD"
"KLNTITPVV","Positive","NTITPV"
"VTTDIQVKV","Positive","TDIQVK"
"TPRPVSRFL","Positive","RPVSRF"
"SAICSVVRR","Positive","ICSVVR"
"LEFEALGFL","Positive","FEALGF"
"LREHMVLFY","Negative","EHMVLF"
"TPYAGEPAP","Negative","YAGEPA"
"YLEPGPVTV","Positive","EPGPVT"
"DVLLPLTQY","Positive","LLPLTQ"
"LLPPLLEHL","Positive","PPLLEH"
"ICSAVPVHW","Positive","SAVPVH"
"EMLERGLLV","Positive","LERGLL"
"SLLQGSPHL","Positive","LQGSPH"
"ILIEGIFFV","Positive","IEGIFF"
"RYVNVHFIM","Negative","VNVHFI"
"WLTSILLSL","Negative","TSILLS"
"FLYPFLSHL","Positive","YPFLSH"
"SLHEHIANL","Negative","HEHIAN"
"DYLQYVLQI","Positive","LQYVLQ"
"KVAGFAKFL","Positive","AGFAKF"
"IPYLDGTFY","Positive","YLDGTF"
"KYINKHYDL","Negative","INKHYD"
"FTNSQIFNI","Negative","NSQIFN"
"DLKGKYVQI","Positive","KGKYVQ"
"DESIFINKL","Negative","SIFINK"
"VTRGAVLTY","Positive","RGAVLT"
"SLPLNSVYV","Positive","PLNSVY"
"NPKASLLSL","Positive","KASLLS"
"GVLGFVFTL","Positive","LGFVFT"
"KLVETYISK","Positive","VETYIS"
"PSSNWFKFY","Negative","SNWFKF"
"LFVCISYYF","Negative","VCISYY"
"YTQDELINV","Negative","QDELIN"
"IPLKYIVLM","Positive","LKYIVL"
"CSKHMDARY","Negative","KHMDAR"
"KECVLRDDL","Positive","CVLRDD"
"KYISRDELW","Negative","ISRDEL"
"VLNPYMPSV","Positive","NPYMPS"
"LLLENALTV","Positive","LENALT"
"FIDSYLQKL","Negative","DSYLQK"
"KFPVNFLYI","Negative","PVNFLY"
"RLRPGGKKR","Negative","RPGGKK"
"YFYDLSYMK","Negative","YDLSYM"
"RLYLASIVY","Negative","YLASIV"
"SLYNTAATL","Positive","YNTAAT"
"RAIEAQQHL","Positive","IEAQQH"
"YLAGAGLAF","Positive","AGAGLA"
"KIADYNYKL","Positive","ADYNYK"
"LLIDILILL","Negative","IDILIL"
"GELLSVNDF","Negative","LLSVND"
"LLQQYCLYL","Positive","QQYCLY"
"RYKDYVVKW","Negative","KDYVVK"
"NEFPAIDLF","Positive","FPAIDL"
"SLIDLLHKI","Positive","IDLLHK"
"MAEIPLQWI","Positive","EIPLQW"
"FITIFNISI","Negative","TIFNIS"
"GMWESNANV","Positive","WESNAN"
"AFLDWMDTF","Negative","LDWMDT"
"KTIKDFVNK","Negative","IKDFVN"
"TFLNNIAFL","Negative","LNNIAF"
"FEEPNYDEF","Negative","EPNYDE"
"SSLHIYWGK","Negative","LHIYWG"
"LVEPCARVY","Negative","EPCARV"
"RTNLPQSCY","Negative","NLPQSC"
"FYGKTIPWF","Negative","GKTIPW"
"VSSAVPTSW","Negative","SAVPTS"
"VEATLDEPL","Negative","ATLDEP"
"MEIFNVEEL","Negative","IFNVEE"
"DLAEWVPRV","Positive","AEWVPR"
"IFLIITKVF","Negative","LIITKV"
"PSSEVKFKY","Negative","SEVKFK"
"LLYIKIYEL","Negative","YIKIYE"
"IVYLCPVLV","Positive","YLCPVL"
"LEFNTPFVF","Negative","FNTPFV"
"LENKSLTIL","Negative","NKSLTI"
"RLVPYLEFL","Positive","VPYLEF"
"FLYHTSAAK","Negative","YHTSAA"
"TPARVTGGV","Positive","ARVTGG"
"KSADNPNMY","Negative","ADNPNM"
"VLHKRTLGL","Positive","HKRTLG"
"WPRERAWAL","Positive","RERAWA"
"KAAFKRSCL","Positive","AFKRSC"
"RFDNKSIYR","Negative","DNKSIY"
"RLQREWHTL","Positive","QREWHT"
"VLEETSVML","Positive","EETSVM"
"ETDPVNHMV","Positive","DPVNHM"
"MPLVILIVL","Positive","LVILIV"
"IEPDLENNL","Negative","PDLENN"
"MLAHAEETR","Positive","AHAEET"
"CPNAECQPL","Negative","NAECQP"
"KIIKLFFRL","Positive","IKLFFR"
"HPSGYIREA","Negative","SGYIRE"
"YLLCCNYKL","Negative","LCCNYK"
"ETACLGKAY","Positive","ACLGKA"
"QLIEGMLIA","Positive","IEGMLI"
"IMLEGETKL","Positive","LEGETK"
"FLYRLFSIL","Positive","YRLFSI"
"KVRKDISEW","Positive","RKDISE"
"YLCSGSSYF","Positive","CSGSSY"
"FLDEFMEAV","Positive","DEFMEA"
"LLMMSVYAL","Negative","MMSVYA"
"GLIACLIFV","Negative","IACLIF"
"RPSRDGGCI","Negative","SRDGGC"
"IAGLGLLTV","Positive","GLGLLT"
"WLFKHLFSA","Positive","FKHLFS"
"MLGIWFFTL","Negative","GIWFFT"
"KPRDDAAAL","Positive","RDDAAA"
"LPFEKSTIM","Positive","FEKSTI"
"GEPCSSFKF","Negative","PCSSFK"
"SYVNVNMGL","Negative","VNVNMG"
"FLKDVMVEI","Negative","KDVMVE"
"VLTAIGITV","Negative","TAIGIT"
"HEYIIHAVF","Negative","YIIHAV"
"FLTKRSGQV","Positive","TKRSGQ"
"RLVDDFLLV","Negative","VDDFLL"
"EYFNKYGHL","Negative","FNKYGH"
"SYQDFIYLL","Negative","QDFIYL"
"GVYGSCYFK","Negative","YGSCYF"
"MLVTPSMTM","Positive","VTPSMT"
"TVASRLGPV","Positive","ASRLGP"
"NYIGFRDNF","Negative","IGFRDN"
"SLYADSPSV","Positive","YADSPS"
"ALFGIKLPA","Negative","FGIKLP"
"AVVADLSAR","Negative","VADLSA"
"NLFIPTINK","Negative","FIPTIN"
"RYSNISKSL","Negative","SNISKS"
"ARVYEIKCR","Positive","VYEIKC"
"SPVISPLSI","Negative","VISPLS"
"LLAGLVSLL","Negative","AGLVSL"
"ALSELPETL","Positive","SELPET"
"KEYMGIEVY","Negative","YMGIEV"
"PSLEYGANY","Negative","LEYGAN"
"MQTVKLFVK","Negative","TVKLFV"
"LGKKKTPRM","Positive","KKKTPR"
"ESDKTDSYY","Negative","DKTDSY"
"RLDKVEAEV","Negative","DKVEAE"
"RYWLFKGPI","Positive","WLFKGP"
"YLTDKDFEF","Positive","TDKDFE"
"ILNDSGETV","Positive","NDSGET"
"ELKSRYWAI","Positive","KSRYWA"
"TYSTYGKFL","Positive","STYGKF"
"GPRLGFRAT","Positive","RLGFRA"
"ATGPISTLW","Positive","GPISTL"
"FLQDMRRYM","Negative","QDMRRY"
"GIADIRDKY","Negative","ADIRDK"
"TLLPATMNI","Positive","LPATMN"
"GLFGGGGGV","Positive","FGGGGG"
"KLLGYVIIR","Negative","LGYVII"
"SSFYNYVMK","Negative","FYNYVM"
"TENIAVRYL","Negative","NIAVRY"
"FIMGISILL","Positive","MGISIL"
"GLVRLNAFL","Negative","VRLNAF"
"EVSRLNINL","Positive","SRLNIN"
"FYRDRQYLL","Positive","RDRQYL"
"LQMANTLPV","Negative","MANTLP"
"KYAFITWLV","Negative","AFITWL"
"RMQKEITAL","Negative","QKEITA"
"SVVTRVAVL","Negative","VTRVAV"
"YMSTTIIAA","Positive","STTIIA"
"LLIADNPQL","Positive","IADNPQ"
"IPLAYSLGL","Negative","LAYSLG"
"KRYSSHTSL","Positive","YSSHTS"
"SQSSGILSR","Negative","SSGILS"
"HIFYQLANV","Negative","FYQLAN"
"TRATKMQVI","Positive","ATKMQV"
"RLVDFFPDI","Negative","VDFFPD"
"RYRSGFWII","Negative","RSGFWI"
"EMKTDAATL","Positive","KTDAAT"
"IPIAPVYGM","Positive","IAPVYG"
"RMGERQLQK","Negative","GERQLQ"
"LLSQYLSRV","Negative","SQYLSR"
"ERYLKDQQL","Positive","YLKDQQ"
"YMLDLQPET","Positive","LDLQPE"
"RLVKRQVPL","Negative","VKRQVP"
"SLLELPEFL","Positive","LELPEF"
"GVMTRGRLK","Negative","MTRGRL"
"ELFQDLSQL","Positive","FQDLSQ"
"REKSSLVSY","Negative","KSSLVS"
"RLSSCVPVA","Positive","SSCVPV"
"TEVMTAVGL","Positive","VMTAVG"
"ALYIPPYEL","Positive","YIPPYE"
"IERSFDDKF","Negative","RSFDDK"
"QEYDYFHMY","Negative","YDYFHM"
"KLSEGDLLA","Positive","SEGDLL"
"SVISALLMY","Negative","ISALLM"
"KARTGRTCL","Negative","RTGRTC"
"WEWVVLLFL","Negative","WVVLLF"
"FYPINDDFY","Negative","PINDDF"
"KVHPVIWSL","Negative","HPVIWS"
"TPLISFFGL","Negative","LISFFG"
"FLNDFALLK","Negative","NDFALL"
"TLDSQVMSL","Negative","DSQVMS"
"SVNACNLEY","Negative","NACNLE"
"VLGPISGHV","Positive","GPISGH"
"GLQANPVEV","Positive","QANPVE"
"ALDEKLFLI","Positive","DEKLFL"
"KSFKDILPK","Positive","FKDILP"
"ASLKKNITK","Negative","LKKNIT"
"GRAAICGRY","Positive","AAICGR"
"QVVDMSMTY","Positive","VDMSMT"
"LPLMRKAYL","Positive","LMRKAY"
"STNPKPQKK","Positive","NPKPQK"
"LSKKGYILY","Negative","KKGYIL"
"TLLELVVSV","Positive","LELVVS"
"YGEGFDYLY","Negative","EGFDYL"
"KLEKNCNAY","Negative","EKNCNA"
"KWSTSFTNI","Negative","STSFTN"
"IFPFFVAFL","Negative","PFFVAF"
"VFAGKNTDL","Negative","AGKNTD"
"SLGYSVEYK","Negative","GYSVEY"
"YLIIGILTL","Positive","IIGILT"
"YEADHHIMH","Negative","ADHHIM"
"DEVKGLTVF","Negative","VKGLTV"
"TFINDYANL","Negative","INDYAN"
"QSADFKQKY","Negative","ADFKQK"
"VTEPGTAQY","Positive","EPGTAQ"
"MYMALIAAF","Negative","MALIAA"
"CYNPRTNKW","Negative","NPRTNK"
"DLSFTICGY","Negative","SFTICG"
"KEPSTVYVY","Negative","PSTVYV"
"FILIFNIIV","Negative","LIFNII"
"RPVHDQGGL","Negative","VHDQGG"
"AEEFVQQRL","Negative","EFVQQR"
"LTNDAFCKY","Negative","NDAFCK"
"KVASSTTQY","Negative","ASSTTQ"
"TVMDIISRR","Positive","MDIISR"
"KVKRVVASL","Positive","KRVVAS"
"FLLENAAYL","Positive","LENAAY"
"TLYSLTLLY","Positive","YSLTLL"
"AIIGIYLLY","Negative","IGIYLL"
"FVDVGVSAL","Positive","DVGVSA"
"IPQQHTQVL","Negative","QQHTQV"
"LMIERFVSL","Negative","IERFVS"
"TLFPGDDDL","Positive","FPGDDD"
"YLFSLVVLV","Positive","FSLVVL"
"DTFCAGSTF","Positive","FCAGST"
"LVLQAGFFL","Negative","LQAGFF"
"DMMLMIGNY","Negative","MLMIGN"
"LVLAVGPAY","Negative","LAVGPA"
"YIVDPTFQL","Negative","VDPTFQ"
"SLLFIPDIK","Negative","LFIPDI"
"TLRGLFFSV","Positive","RGLFFS"
"SQGFSHSQM","Positive","GFSHSQ"
"ISAFIVYYY","Negative","AFIVYY"
"KMLKEMGEV","Positive","LKEMGE"
"FSINNKLVY","Positive","INNKLV"
"FIDQYYSSI","Positive","DQYYSS"
"DYVYNPFMI","Negative","VYNPFM"
"GPGHKARVL","Positive","GHKARV"
"MLLKTSEFL","Positive","LKTSEF"
"LTVEGIFRV","Positive","VEGIFR"
"REISAIIGL","Negative","ISAIIG"
"APNSPMAML","Negative","NSPMAM"
"TTYDFLARK","Negative","YDFLAR"
"TPSGTWLTY","Positive","SGTWLT"
"ILDKKVEKV","Positive","DKKVEK"
"DENRSVLLF","Negative","NRSVLL"
"VYLENTGKI","Negative","LENTGK"
"FVNYDFTIV","Positive","NYDFTI"
"VFILTAILF","Negative","ILTAIL"
"IPPSFLQAM","Positive","PSFLQA"
"PFNNILNLI","Negative","NNILNL"
"KEILDWSIY","Negative","ILDWSI"
"NQISIITYR","Negative","ISIITY"
"VYANGGKGF","Negative","ANGGKG"
"FPITIENAL","Negative","ITIENA"
"NMQTVKLFV","Negative","QTVKLF"
"VLRDDLLEA","Positive","RDDLLE"
"VEMTEPYNL","Negative","MTEPYN"
"ALADLPVTV","Positive","ADLPVT"
"TPVHSWEDI","Positive","VHSWED"
"VARDLSLQF","Positive","RDLSLQ"
"RVVYCHMSK","Negative","VYCHMS"
"HYGSAFPSI","Negative","GSAFPS"
"ETDPLTFNF","Positive","DPLTFN"
"SMACVGFFL","Positive","ACVGFF"
"KYLGMFNPY","Negative","LGMFNP"
"LYDDLDISI","Negative","DDLDIS"
"LIVRYLIQV","Negative","VRYLIQ"
"IPTVMAFHL","Positive","TVMAFH"
"FLLIRYITT","Negative","LIRYIT"
"MLVEEGLLV","Positive","VEEGLL"
"AIMEKNIVL","Positive","MEKNIV"
"VQRKKYRSL","Negative","RKKYRS"
"RLRKGYTPL","Negative","RKGYTP"
"LLFGYPVAV","Positive","FGYPVA"
"SLFSLLPGV","Positive","FSLLPG"
"KLVIIFMNL","Negative","VIIFMN"
"ALTAVAEEV","Positive","TAVAEE"
"FLAVGGVLL","Negative","AVGGVL"
"EYIKTTPRL","Negative","IKTTPR"
"VPELSFIGY","Negative","ELSFIG"
"NTPEGIIPA","Positive","PEGIIP"
"SVLDIISSK","Negative","LDIISS"
"KYIFPGGLL","Positive","IFPGGL"
"EYKTDVNTL","Negative","KTDVNT"
"AYQGVQQKW","Positive","QGVQQK"
"LAILFEEVM","Positive","ILFEEV"
"WLGNHGFEV","Positive","GNHGFE"
"SIFGFQAEV","Negative","FGFQAE"
"YPFFRKLVL","Negative","FFRKLV"
"VLMMRTTWA","Positive","MMRTTW"
"WSSSEVPTY","Positive","SSEVPT"
"IFINYTMSL","Negative","INYTMS"
"SEKLDSYKL","Negative","KLDSYK"
"VLGIALLYI","Negative","GIALLY"
"IENALVASL","Negative","NALVAS"
"RYGSFSVTL","Positive","GSFSVT"
"YFVLMHPDF","Negative","VLMHPD"
"PLLPIFFCL","Negative","LPIFFC"
"SLWQLRAAV","Positive","WQLRAA"
"LSEITYRFY","Negative","EITYRF"
"NPAQEDDQY","Positive","AQEDDQ"
"YTDGSVVTY","Negative","DGSVVT"
"HLHQNIVDV","Negative","HQNIVD"
"DERITVKEF","Negative","RITVKE"
"IVIYSYTGK","Negative","IYSYTG"
"YEAVLRHAF","Negative","AVLRHA"
"SQRQRKVTF","Positive","RQRKVT"
"LYLCCGITL","Positive","LCCGIT"
"NRYLYLSTM","Negative","YLYLST"
"AEVEEHRTV","Positive","VEEHRT"
"KLGEFYNQM","Positive","GEFYNQ"
"KPALYERKM","Negative","ALYERK"
"QLNRHSYLK","Negative","NRHSYL"
"QYSDRRWCF","Positive","SDRRWC"
"LYTEYFLFL","Negative","TEYFLF"
"QLFPGLAAL","Positive","FPGLAA"
"ALPVYLMTL","Positive","PVYLMT"
"SLFGGMSWI","Positive","FGGMSW"
"MFYKIFFVW","Negative","YKIFFV"
"TYLGIDLGF","Positive","LGIDLG"
"RYIELVYTL","Negative","IELVYT"
"FLAYYPPMM","Negative","AYYPPM"
"GLEQQIQEI","Positive","EQQIQE"
"TVTNMSSLK","Negative","TNMSSL"
"SPASISSVL","Negative","ASISSV"
"RTLACFAVY","Positive","LACFAV"
"NLSDGFLLI","Negative","SDGFLL"
"MEITAEWLW","Positive","ITAEWL"
"YYIPYVEDF","Negative","IPYVED"
"IEMPMARVY","Negative","MPMARV"
"MLSPMLHHW","Negative","SPMLHH"
"FYRSLLTIL","Negative","RSLLTI"
"RPVPVSTAR","Positive","VPVSTA"
"RFLHDLHLL","Positive","LHDLHL"
"PEFAKQYVL","Negative","FAKQYV"
"SLPDVVISA","Negative","PDVVIS"
"MIISHLYLI","Positive","ISHLYL"
"AEDNYLAKL","Negative","DNYLAK"
"FTIGTVTLK","Positive","IGTVTL"
"KLCPVQLWV","Positive","CPVQLW"
"IFAVQTIVF","Negative","AVQTIV"
"LLVDLLWLL","Positive","VDLLWL"
"SPQVKDNII","Negative","QVKDNI"
"YEEYKSKNL","Negative","EYKSKN"
"HLMFYTLPI","Negative","MFYTLP"
"SEPVNVYLL","Negative","PVNVYL"
"GLILFVLAL","Negative","ILFVLA"
"VLNYFEPYL","Positive","NYFEPY"
"LLGCIITSL","Positive","GCIITS"
"DADKYAVTV","Positive","DKYAVT"
"KLLLQHITK","Negative","LLQHIT"
"KSRGKGYNW","Positive","RGKGYN"
"PELGFTNLL","Negative","LGFTNL"
"NENITGAMF","Negative","NITGAM"
"SSNVANYQK","Negative","NVANYQ"
"LLIWAYLSK","Negative","IWAYLS"
"CYSLYGTTL","Positive","SLYGTT"
"MFGTRKNSF","Negative","GTRKNS"
"DTTTDISKY","Negative","TTDISK"
"YFNRMFHFF","Negative","NRMFHF"
"SLYNTVAAL","Positive","YNTVAA"
"SPLFQRSSL","Positive","LFQRSS"
"YWDKISKLL","Negative","DKISKL"
"SLQEEIAFL","Positive","QEEIAF"
"YYETSPGEI","Negative","ETSPGE"
"KSGAIKVLK","Positive","GAIKVL"
"TTAEFTVPK","Negative","AEFTVP"
"TENAAYQVL","Negative","NAAYQV"
"VVPEDYWGV","Positive","PEDYWG"
"VDSQIPTLY","Negative","SQIPTL"
"FLTSELPQW","Positive","TSELPQ"
"KLGNLLLLI","Negative","GNLLLL"
"ILDRLFFKC","Positive","DRLFFK"
"MIIEGFLLI","Positive","IEGFLL"
"RLEARIAQL","Negative","EARIAQ"
"VLYSYILFL","Negative","YSYILF"
"KMLPKIILF","Negative","LPKIIL"
"EYYNWDDEL","Negative","YNWDDE"
"TLDIFYLFK","Negative","DIFYLF"
"IMEDAISKY","Negative","EDAISK"
"FGRIGRLVL","Negative","RIGRLV"
"ETAIWSSRY","Negative","AIWSSR"
"YLPGVIAAI","Positive","PGVIAA"
"NRAKQVIKL","Positive","AKQVIK"
"YEYDREQYL","Negative","YDREQY"
"DIDEILEKV","Positive","DEILEK"
"MMWYWGPSL","Negative","WYWGPS"
"MTDLSKKGY","Negative","DLSKKG"
"SYNPIYDEW","Negative","NPIYDE"
"LYKVYNGIF","Negative","KVYNGI"
"MMLPSRPTL","Positive","LPSRPT"
"TAKSRVHPL","Positive","KSRVHP"
"QYINYDIEI","Negative","INYDIE"
"MPASWVMRI","Positive","ASWVMR"
"TSSIASPLY","Negative","SIASPL"
"ASPYNFFKR","Negative","PYNFFK"
"TPGGTRQSL","Negative","GGTRQS"
"QPHWIAASI","Positive","HWIAAS"
"GILGFVFLT","Positive","LGFVFL"
"GLFWGQNQV","Negative","FWGQNQ"
"GVLNSVLTL","Positive","LNSVLT"
"VEKKIVSPY","Negative","KKIVSP"
"LLLPSVCCI","Positive","LPSVCC"
"LLSAGIFGA","Negative","SAGIFG"
"MLLALIAVL","Positive","LALIAV"
"HVIDYLIRI","Negative","IDYLIR"
"LLLLGLWGL","Positive","LLGLWG"
"NMINFAPNI","Positive","INFAPN"
"KYIPEIAEL","Negative","IPEIAE"
"LRKPKHKKL","Positive","KPKHKK"
"PESDLDKVY","Negative","SDLDKV"
"QASQEVKNW","Positive","SQEVKN"
"TLIDIWFLA","Negative","IDIWFL"
"GLEAPFLYL","Positive","EAPFLY"
"VIIKPLVWV","Positive","IKPLVW"
"FPMSGVMIF","Positive","MSGVMI"
"FIHGGILYA","Negative","HGGILY"
"VLLTNILSV","Positive","LTNILS"
"VFNVVNSSI","Positive","NVVNSS"
"FFDYNKNSI","Negative","DYNKNS"
"HFFVSNKVF","Negative","FVSNKV"
"KYVLFVKKM","Negative","VLFVKK"
"AFIVYYYHI","Negative","IVYYYH"
"LILERALLL","Positive","LERALL"
"FPFSLLVDA","Positive","FSLLVD"
"VVTTKIALK","Positive","TTKIAL"
"RKIYDLIEL","Positive","IYDLIE"
"RPNIPLKIV","Negative","NIPLKI"
"SFLDTVYTI","Negative","LDTVYT"
"NTFSILYDY","Negative","FSILYD"
"QYYILKNEY","Negative","YILKNE"
"NTSAGFPYV","Positive","SAGFPY"
"PLFGYPVYV","Positive","FGYPVY"
"RLSCPSPRA","Positive","SCPSPR"
"YKHCFPEIF","Negative","HCFPEI"
"TLTWLFAFV","Positive","TWLFAF"
"SENDRLRLL","Positive","NDRLRL"
"MMKTYIEFV","Negative","KTYIEF"
"VSSQESLEY","Negative","SQESLE"
"FLDHREIHY","Negative","DHREIH"
"YYLCLAHVY","Negative","LCLAHV"
"AFTIPSISK","Negative","TIPSIS"
"IYFTPFGWL","Negative","FTPFGW"
"DEIVVTREY","Negative","IVVTRE"
"HRFLPVKTR","Positive","FLPVKT"
"TLLCLIPTV","Positive","LCLIPT"
"LLNGWRWRL","Positive","NGWRWR"
"VPTMNNAKL","Negative","TMNNAK"
"TFDVFRPLF","Negative","DVFRPL"
"YYNAFHWAI","Positive","NAFHWA"
"NEGCGWGAW","Negative","GCGWGA"
"SMPTQTPSL","Negative","PTQTPS"
"PYDDLVTTI","Negative","DDLVTT"
"LMVPHSPSL","Positive","VPHSPS"
"SYKDINESM","Negative","KDINES"
"GESSSNPTI","Positive","SSSNPT"
"TEFIANGSF","Negative","FIANGS"
"LMLENLLTF","Positive","LENLLT"
"HLAFQLSSI","Positive","AFQLSS"
"EPLVWIDCY","Positive","LVWIDC"
"VYILFTDTI","Negative","ILFTDT"
"LENDKIEDL","Negative","NDKIED"
"IYCNSIINI","Negative","CNSIIN"
"LMIEYNLLT","Negative","IEYNLL"
"LVENNFFTK","Negative","ENNFFT"
"VYNDNKIIM","Negative","NDNKII"
"AMFTAALNI","Negative","FTAALN"
"VVFSDMETK","Negative","FSDMET"
"RSGIDTNAY","Negative","GIDTNA"
"TPPGTRDAF","Negative","PGTRDA"
"LLADKFPVL","Negative","ADKFPV"
"DPCSLKCPY","Positive","CSLKCP"
"PYHTIEESI","Positive","HTIEES"
"CLIPTAMAF","Positive","IPTAMA"
"YLLEILWRL","Positive","LEILWR"
"YVTAMDIFV","Positive","TAMDIF"
"DLEKKICEY","Negative","EKKICE"
"ALFPERITV","Positive","FPERIT"
"PYGDSLFFF","Negative","GDSLFF"
"AVKCLYLLY","Positive","KCLYLL"
"ALENNYEVL","Positive","ENNYEV"
"HRTPLMKAL","Negative","TPLMKA"
"FLGGGGAGI","Negative","GGGGAG"
"YILKYSVFL","Positive","LKYSVF"
"LLMPTISLI","Positive","MPTISL"
"MMKRLMFEY","Negative","KRLMFE"
"YYGNTDNKF","Negative","GNTDNK"
"GLGPGFSSY","Positive","GPGFSS"
"TFTSRNNHL","Negative","TSRNNH"
"FTENGPWMY","Negative","ENGPWM"
"NYVMTMILF","Negative","VMTMIL"
"QYAKVVIFF","Negative","AKVVIF"
"LLQEEEEEL","Positive","QEEEEE"
"KLMNIQQKL","Positive","MNIQQK"
"MENLKAMLY","Negative","NLKAML"
"EPEPDVAVL","Positive","EPDVAV"
"IYLYLTFYL","Positive","LYLTFY"
"GLYRLNFRR","Negative","YRLNFR"
"ALKRRYTRR","Negative","KRRYTR"
"RYNFINRTL","Negative","NFINRT"
"LWEGSPGKF","Positive","EGSPGK"
"YWYIWKEIY","Negative","YIWKEI"
"IPPMNSPRL","Negative","PMNSPR"
"RLIQNSLTI","Positive","IQNSLT"
"EYDMVRLPY","Negative","DMVRLP"
"VFNDSSQVK","Negative","NDSSQV"
"YFLRSHLNI","Negative","LRSHLN"
"STISAAPSR","Negative","ISAAPS"
"SVAQCHEYK","Negative","AQCHEY"
"SRKGLRRDL","Positive","KGLRRD"
"MLFYMDLSY","Negative","FYMDLS"
"ITINYFLLL","Negative","INYFLL"
"SPSVKTSLV","Negative","SVKTSL"
"SLAGGIIGV","Negative","AGGIIG"
"SFLIQSNSL","Negative","LIQSNS"
"TTDDLVKSY","Negative","DDLVKS"
"ILLLIGICV","Negative","LLIGIC"
"MIISHLSLI","Positive","ISHLSL"
"SYNDYFNVL","Negative","NDYFNV"
"TLYTAVSST","Positive","YTAVSS"
"SLVIVTTFV","Positive","VIVTTF"
"VTSSGAIYK","Positive","SSGAIY"
"YLAEADLSY","Negative","AEADLS"
"ISMYKRSKY","Negative","MYKRSK"
"RPPIFIRRL","Positive","PIFIRR"
"WLDMVDTSL","Positive","DMVDTS"
"IWETLPNFW","Negative","ETLPNF"
"WLTQYYILK","Negative","TQYYIL"
"KMVAVFYTT","Positive","VAVFYT"
"DPYKATSAV","Positive","YKATSA"
"RRRKGWIPL","Positive","RKGWIP"
"MFYGKTGWK","Negative","YGKTGW"
"IPIILKALY","Positive","IILKAL"
"NWKNFYPSY","Negative","KNFYPS"
"RQYDPVAAL","Positive","YDPVAA"
"IPESISQRY","Negative","ESISQR"
"YVNYKRLNK","Negative","NYKRLN"
"VYLDTDVNI","Negative","LDTDVN"
"SPAHLINKL","Negative","AHLINK"
"DRASFIKNL","Positive","ASFIKN"
"MLPSQPTLL","Positive","PSQPTL"
"VFDKSLLYK","Negative","DKSLLY"
"YVVTWIVGA","Positive","VTWIVG"
"CPGTYASRL","Negative","GTYASR"
"IPYTAAVQV","Positive","YTAAVQ"
"QRSYVSGVL","Positive","SYVSGV"
"YQSPVNIFK","Negative","SPVNIF"
"GLAEDLAAL","Positive","AEDLAA"
"LLDLFGPEV","Negative","DLFGPE"
"LALMATFKM","Positive","LMATFK"
"ISKKAKGWF","Positive","KKAKGW"
"DYLDDHRYL","Negative","LDDHRY"
"CLHQSAVRK","Positive","HQSAVR"
"KLQARNIQK","Negative","QARNIQ"
"SSFVCGIVR","Negative","FVCGIV"
"ELKRKMMYM","Positive","KRKMMY"
"AIILVIFTV","Negative","ILVIFT"
"TLDEMRHFY","Positive","DEMRHF"
"AYSIVRIFM","Negative","SIVRIF"
"YLFDFVISL","Positive","FDFVIS"
"YMPPAHRNF","Negative","PPAHRN"
"KLNEEIAII","Negative","NEEIAI"
"GTHPTTTYK","Positive","HPTTTY"
"RLDSTLLLY","Positive","DSTLLL"
"LLWSFQTSA","Negative","WSFQTS"
"NEGLGWTGW","Positive","GLGWTG"
"HGDLWIANY","Negative","DLWIAN"
"SLYNTVATL","Positive","YNTVAT"
"YLFKMIPLL","Negative","FKMIPL"
"SENTGMGMY","Negative","NTGMGM"
"FQEQDKELY","Negative","EQDKEL"
"NIYDLFVWM","Negative","YDLFVW"
"CYNHKKNTW","Negative","NHKKNT"
"FYVYMKRKY","Negative","VYMKRK"
"SVTELNLAL","Negative","TELNLA"
"SRVHGNGTL","Positive","VHGNGT"
"GLGKGTYGV","Positive","GKGTYG"
"LTLLFSSHR","Negative","LLFSSH"
"ILGGVLHTK","Negative","GGVLHT"
"TYGPVFMSL","Positive","GPVFMS"
"YEIVDIKEF","Negative","IVDIKE"
"IPASVSAPA","Positive","ASVSAP"
"SSNKNITNK","Negative","NKNITN"
"QYNKPLCDL","Positive","NKPLCD"
"FPIDHAVII","Negative","IDHAVI"
"LFNHFSVDF","Negative","NHFSVD"
"LLFSFAQAV","Positive","FSFAQA"
"RLLCALTSL","Positive","LCALTS"
"VLSDFRTWL","Positive","SDFRTW"
"APRTWCRLL","Positive","RTWCRL"
"KPYIKWDLL","Negative","YIKWDL"
"IPINPRRCL","Positive","INPRRC"
"YLIPAVTSL","Negative","IPAVTS"
"FRQKTNLIL","Positive","QKTNLI"
"SLAVVSTQL","Positive","AVVSTQ"
"KYVDIVEFL","Negative","VDIVEF"
"SLASLLPHV","Positive","ASLLPH"
"SSIYYSEEK","Negative","IYYSEE"
"FYVFDEPLL","Negative","VFDEPL"
"NYFLLLYTI","Negative","FLLLYT"
"KMFPDLTKV","Positive","FPDLTK"
"SPVMSGNSY","Negative","VMSGNS"
"IETESVDRL","Negative","TESVDR"
"STKLLRFMY","Negative","KLLRFM"
"VVEGQVDYY","Positive","EGQVDY"
"LSILNIFYK","Negative","ILNIFY"
"VLNETTNWL","Positive","NETTNW"
"TVPRIFFGK","Negative","PRIFFG"
"SLLMWITQA","Positive","LMWITQ"
"VLDTTLYAV","Negative","DTTLYA"
"SPNLAWPLI","Negative","NLAWPL"
"AYACNTSTL","Negative","ACNTST"
"RLNMFTPYI","Positive","NMFTPY"
"RVSTLRVSL","Positive","STLRVS"
"QMRTPLHKY","Negative","RTPLHK"
"KLLEQWNLV","Positive","LEQWNL"
"SLNLRETNL","Negative","NLRETN"
"FTFSDVINI","Negative","FSDVIN"
"AYVNDLLLI","Negative","VNDLLL"
"RYPGVMYAF","Negative","PGVMYA"
"RSKPRHMCV","Positive","KPRHMC"
"GLDNHTILL","Positive","DNHTIL"
"TPEARNSTF","Positive","EARNST"
"LLDKRQFEL","Negative","DKRQFE"
"KVDANYFTK","Negative","DANYFT"
"DEVEFLGHY","Positive","VEFLGH"
"QLQGLQHNA","Positive","QGLQHN"
"YYTTYIDHI","Negative","TTYIDH"
"SYLFQHANL","Negative","LFQHAN"
"FVIFPIQYY","Negative","IFPIQY"
"ITYNYQLFL","Negative","YNYQLF"
"AFDDIAKYF","Negative","DDIAKY"
"IMPKTGFLI","Negative","PKTGFL"
"SEKFTQQAL","Negative","KFTQQA"
"RPDTRYVLM","Positive","DTRYVL"
"GLLGASMDL","Negative","LGASMD"
"SYNRHNDTI","Negative","NRHNDT"
"MTQKARNAL","Positive","QKARNA"
"LEDLVPDKL","Negative","DLVPDK"
"TVMDVISRR","Positive","MDVISR"
"AIFCITYYI","Negative","FCITYY"
"YLALLEACL","Positive","ALLEAC"
"STFWPCLLR","Positive","FWPCLL"
"YEINNELEL","Negative","INNELE"
"CPRRYLHRL","Negative","RRYLHR"
"MLHEFHVRR","Negative","HEFHVR"
"THEANTMAM","Positive","EANTMA"
"NFGTIILNK","Negative","GTIILN"
"FLDEFMEGV","Positive","DEFMEG"
"IASFRLFAR","Positive","SFRLFA"
"AILSPGALV","Negative","LSPGAL"
"ALSPVLPPM","Positive","SPVLPP"
"YLLFGIKCI","Negative","LFGIKC"
"VQQRLANNK","Negative","QRLANN"
"LIQEIVHEV","Positive","QEIVHE"
"GPEIVALML","Negative","EIVALM"
"MPVTVASAA","Positive","VTVASA"
"FISDKIKFL","Positive","SDKIKF"
"SWTKCIHFF","Negative","TKCIHF"
"KTPTGVYNY","Negative","PTGVYN"
"WLSHDLYDY","Negative","SHDLYD"
"FRHSVVVPY","Negative","HSVVVP"
"AMAGSPVFL","Positive","AGSPVF"
"RVRAYTYSK","Positive","RAYTYS"
"LAKAVIHTI","Positive","KAVIHT"
"SVGSVLLTV","Positive","GSVLLT"
"MFAKTLDFK","Negative","AKTLDF"
"MTRVTNNVY","Negative","RVTNNV"
"GMGQKDSYV","Negative","GQKDSY"
"KLGYIKFKR","Negative","GYIKFK"
"YSDPLALRE","Positive","DPLALR"
"TYTSGEACL","Positive","TSGEAC"
"TQVEDVLLA","Positive","VEDVLL"
"YQLAVTIMA","Positive","LAVTIM"
"SPDCMVICL","Negative","DCMVIC"
"MTFGRLQGI","Negative","FGRLQG"
"KYPFIEYPM","Negative","PFIEYP"
"YLRTFPAAL","Positive","RTFPAA"
"EFINKFLEF","Negative","INKFLE"
"ISELSRLRY","Negative","ELSRLR"
"IPHDLMELI","Positive","HDLMEL"
"GMVAPLYGV","Positive","VAPLYG"
"VWINNSWKF","Positive","INNSWK"
"KLGASPLHV","Positive","GASPLH"
"WILRGTSFV","Negative","LRGTSF"
"KYFENPLHI","Negative","FENPLH"
"RLRAEAQVK","Positive","RAEAQV"
"IADAKYEYY","Negative","DAKYEY"
"LSLTKLFSY","Negative","LTKLFS"
"LLAVGATKV","Negative","AVGATK"
"TLFFFLLAL","Negative","FFFLLA"
"PLLDGTATL","Negative","LDGTAT"
"IYAGSLSAL","Positive","AGSLSA"
"FTNDSIISH","Negative","NDSIIS"
"KPPPCPCPL","Negative","PPCPCP"
"KPGECRKPI","Negative","GECRKP"
"FFCRNSIGF","Negative","CRNSIG"
"VFMLMETMF","Negative","MLMETM"
"LLHTDFEQV","Positive","HTDFEQ"
"SEYSMRGSY","Negative","YSMRGS"
"TMAAISNTV","Positive","AAISNT"
"RQAGDFHQV","Positive","AGDFHQ"
"YNLRRGTAL","Positive","LRRGTA"
"KLTKNDVQL","Positive","TKNDVQ"
"KVFFGPIYY","Negative","FFGPIY"
"AYRHAMEEL","Positive","RHAMEE"
"YVNTNMGLK","Positive","NTNMGL"
"RPGYHTQTA","Positive","GYHTQT"
"SVLLVLTLK","Positive","LLVLTL"
"LPIHSTLVM","Negative","IHSTLV"
"SMLENVMLT","Positive","LENVML"
"LYAAFLWLF","Negative","AAFLWL"
"MMWDRGLGM","Positive","WDRGLG"
"NLVPVVATV","Positive","VPVVAT"
"NVSIPWTHK","Positive","SIPWTH"
"ALVVSQLLR","Negative","VVSQLL"
"DYSPSCCTL","Positive","SPSCCT"
"ALFKYDINI","Negative","FKYDIN"
"APVFPSHHL","Negative","VFPSHH"
"GLLSLEEEL","Positive","LSLEEE"
"KLQQKEEQL","Positive","QQKEEQ"
"NLNAILESK","Negative","NAILES"
"GLLLGCFWV","Positive","LLGCFW"
"LENGAIRIY","Positive","NGAIRI"
"LPRDTSSCM","Negative","RDTSSC"
"KTDNDTILY","Negative","DNDTIL"
"EVASLRKEY","Negative","ASLRKE"
"NEFCVDHPF","Negative","FCVDHP"
"HYQTLCTNF","Negative","QTLCTN"
"ALLGIPLNV","Positive","LGIPLN"
"ALNTLVKQL","Positive","NTLVKQ"
"MRWNKGTIL","Negative","WNKGTI"
"YLYHRVDVI","Positive","YHRVDV"
"YVHGDTYSL","Negative","HGDTYS"
"TVSGLAWTR","Positive","SGLAWT"
"VLDKWNTNY","Negative","DKWNTN"
"YYHKNNKSW","Positive","HKNNKS"
"LLIENAMFI","Positive","IENAMF"
"NYMCVDNHL","Negative","MCVDNH"
"RPQKRPSCI","Positive","QKRPSC"
"TTFQQKISK","Negative","FQQKIS"
"IEFYTRDEY","Negative","FYTRDE"
"YLMATHGRK","Negative","MATHGR"
"KLLPEGYWV","Positive","LPEGYW"
"LLYLITNYL","Positive","YLITNY"
"GVDIVDGLY","Negative","DIVDGL"
"CYTWNQMNL","Positive","TWNQMN"
"TLNISSKFK","Negative","NISSKF"
"SELGFKKIY","Negative","LGFKKI"
"LMVESFIEV","Negative","VESFIE"
"KLQAPVQEL","Positive","QAPVQE"
"DVDPPTTYY","Negative","DPPTTY"
"TEMMNDARL","Positive","MMNDAR"
"SFQTFHEYI","Negative","QTFHEY"
"FLTENLLLY","Negative","TENLLL"
"KIFSEVTPK","Positive","FSEVTP"
"TTLYYYLDK","Negative","LYYYLD"
"FYNEVASWL","Negative","NEVASW"
"FSFKKCLVY","Negative","FKKCLV"
"YMMNIYLNF","Negative","MNIYLN"
"LAASLLSRV","Positive","ASLLSR"
"KAYHIIFFV","Negative","YHIIFF"
"RLFARTRSM","Positive","FARTRS"
"AQMWTLMYF","Positive","MWTLMY"
"LLLCLIFLL","Positive","LCLIFL"
"YVSYHTVYI","Negative","SYHTVY"
"CLGGLITMV","Positive","GGLITM"
"RTMAATTLK","Positive","MAATTL"
"APPVPTTAA","Negative","PVPTTA"
"LFLPLGACF","Positive","LPLGAC"
"IYTNWAIIL","Negative","TNWAII"
"VEELLHRGY","Negative","ELLHRG"
"ATYGVWPPV","Negative","YGVWPP"
"TPISQAQKL","Positive","ISQAQK"
"SQIFNIISY","Negative","IFNIIS"
"MTIREFPRK","Negative","IREFPR"
"EEMSCWSEL","Negative","MSCWSE"
"YLQDSMATT","Positive","QDSMAT"
"VLDFAPPGA","Negative","DFAPPG"
"YENFNQHEV","Positive","NFNQHE"
"GRNTHNVHL","Positive","NTHNVH"
"MYAFTTPLI","Negative","AFTTPL"
"VRFPNITNL","Negative","FPNITN"
"SVAMFNLEY","Negative","AMFNLE"
"QYDPVAALF","Positive","DPVAAL"
"LLLNCLWSV","Positive","LNCLWS"
"FTNLLCHIY","Negative","NLLCHI"
"IYNDKVAGF","Negative","NDKVAG"
"GILGFVFTL","Positive","LGFVFT"
"DEDDIMELL","Negative","DDIMEL"
"KSYELMLPK","Negative","YELMLP"
"AIMPSSPPL","Positive","MPSSPP"
"IIADAKYEY","Negative","ADAKYE"
"HLSLRGLFV","Positive","SLRGLF"
"NTNKLFFAK","Negative","NKLFFA"
"YIDEKSPIY","Negative","DEKSPI"
"SYKYSQDEF","Negative","KYSQDE"
"TVSFSDSKY","Negative","SFSDSK"
"ALDLSHFLK","Positive","DLSHFL"
"PELEEVQSL","Negative","LEEVQS"
"LTLRMTQLK","Negative","LRMTQL"
"LMIAHRVLL","Negative","IAHRVL"
"FPNVKDLNL","Positive","NVKDLN"
"SYISGTNGI","Negative","ISGTNG"
"FFTLIDIWF","Negative","TLIDIW"
"ELMESRMRI","Negative","MESRMR"
"KLGGYVSFV","Positive","GGYVSF"
"ILIEGILFF","Positive","IEGILF"
"AVEPGKNPK","Positive","EPGKNP"
"NYVDYNIIF","Negative","VDYNII"
"RSLEDCINY","Negative","LEDCIN"
"SALNHTKKW","Positive","LNHTKK"
"ALLETPSLL","Positive","LETPSL"
"SADNNNSEY","Positive","DNNNSE"
"GSNGNMDQY","Negative","NGNMDQ"
"IETGTPFIL","Negative","TGTPFI"
"RYGVAYVYL","Negative","GVAYVY"
"PERGPQVGL","Negative","RGPQVG"
"EGRDRILTV","Positive","RDRILT"
"ICLTHPVTK","Positive","LTHPVT"
"LSTKSIDLY","Negative","TKSIDL"
"TEIVVKILY","Negative","IVVKIL"
"GVDYHYVNR","Negative","DYHYVN"
"TLLNAGALK","Negative","LNAGAL"
"QTYKWETFL","Positive","YKWETF"
"LEAPFLYLY","Positive","APFLYL"
"MMMLPATLA","Positive","MLPATL"
"PYLRNYMVI","Negative","LRNYMV"
"SLQSTVQEL","Positive","QSTVQE"
"KYVNNTATL","Negative","VNNTAT"
"MTRDPLYIY","Negative","RDPLYI"
"ILYISFYFI","Positive","YISFYF"
"LFNFTISSK","Negative","NFTISS"
"LRMSPVKGM","Negative","MSPVKG"
"MADYLNSDY","Negative","DYLNSD"
"ALFMYYAKR","Negative","FMYYAK"
"LPCPQINTL","Negative","CPQINT"
"ASNNVDHDY","Negative","NNVDHD"
"IYSPSNHHI","Negative","SPSNHH"
"NRFSVAYML","Positive","FSVAYM"
"NENCNTIVF","Negative","NCNTIV"
"TTLDAGFLK","Positive","LDAGFL"
"MFAIVEIVF","Negative","AIVEIV"
"GAATGIAAV","Negative","ATGIAA"
"IGLTSRATW","Positive","LTSRAT"
"SHDVLTVQF","Positive","DVLTVQ"
"GILTVILGV","Negative","LTVILG"
"YYSTVALAI","Negative","STVALA"
"FLGDDPSPA","Positive","GDDPSP"
"RLLQTGIHV","Positive","LQTGIH"
"FVYGEPREL","Positive","YGEPRE"
"LLAGTLAGV","Positive","AGTLAG"
"TNDLVTNVY","Negative","DLVTNV"
"LLCGNLLIL","Positive","CGNLLI"
"GLAESSTPK","Negative","AESSTP"
"ALIHHNTHL","Positive","IHHNTH"
"VLAPYMPDV","Negative","APYMPD"
"IYLCTFMII","Negative","LCTFMI"
"SETDTTTEY","Negative","TDTTTE"
"RPLVAPPPA","Positive","LVAPPP"
"IYSVSCFKY","Negative","SVSCFK"
"ATGPVLTLW","Positive","GPVLTL"
"VYGRYSAVF","Negative","GRYSAV"
"FTFKVTKYY","Negative","FKVTKY"
"WLGAAITLV","Negative","GAAITL"
"SMSMILVGV","Positive","SMILVG"
"GVYNYFKPK","Negative","YNYFKP"
"YPQPVLQTL","Positive","QPVLQT"
"EVIKGGRHL","Positive","IKGGRH"
"APPPQRAAM","Negative","PPQRAA"
"LESDRGRLL","Negative","SDRGRL"
"GLWLSVAAV","Positive","WLSVAA"
"LLNKHIDAY","Negative","NKHIDA"
"IPRWMLKMY","Negative","RWMLKM"
"IQLENSLFA","Positive","LENSLF"
"RRYPDAVYL","Positive","YPDAVY"
"LYQPPQTSI","Negative","QPPQTS"
"AMGDAGGYK","Positive","GDAGGY"
"ATVVIGTSK","Positive","VVIGTS"
"GDLMNLATW","Positive","LMNLAT"
"NYKRCFPVI","Negative","KRCFPV"
"FLTKRGRQV","Positive","TKRGRQ"
"TYPKALVFI","Negative","PKALVF"
"TPDEAASLV","Negative","DEAASL"
"LLLERYFLA","Positive","LERYFL"
"KEYCNDGYL","Negative","YCNDGY"
"LSSPVTKSF","Positive","SPVTKS"
"TTYMDTFFR","Negative","YMDTFF"
"VLNSVASLL","Positive","NSVASL"
"VPNVYFNPV","Negative","NVYFNP"
"ALKYLPIDK","Negative","KYLPID"
"FYTPLADQF","Positive","TPLADQ"
"AINSEMFLR","Negative","NSEMFL"
"LLLGLMILL","Positive","LGLMIL"
"VYDFAFRDL","Positive","DFAFRD"
"DEVSFSVGL","Positive","VSFSVG"
"ARKLLLDNL","Positive","KLLLDN"
"TSRNKMFLY","Negative","RNKMFL"
"ILALCIIFV","Negative","ALCIIF"
"FASVYAWNR","Positive","SVYAWN"
"SMMWMRFFV","Positive","MWMRFF"
"ATMLEYVRY","Negative","MLEYVR"
"ALAEGEANL","Negative","AEGEAN"
"YERGNIIIF","Negative","RGNIII"
"ALYERKMSL","Negative","YERKMS"
"LTIEAIENY","Negative","IEAIEN"
"IMRTYTYEI","Positive","RTYTYE"
"TETMIEAFF","Negative","TMIEAF"
"FIDCYLLAI","Positive","DCYLLA"
"AWVNMPSLL","Negative","VNMPSL"
"AVLQSGFRK","Negative","LQSGFR"
"HPNNTIFSV","Negative","NNTIFS"
"AEFEDQLVF","Negative","FEDQLV"
"HEFHVRRLL","Negative","FHVRRL"
"LTAVVIPTK","Positive","AVVIPT"
"FLSYISDTV","Negative","SYISDT"
"YPKMYHICF","Positive","KMYHIC"
"SPPIPMSRL","Negative","PIPMSR"
"IEIEEDTLF","Negative","IEEDTL"
"RPAADFHPF","Negative","AADFHP"
"TLLNCAVTK","Positive","LNCAVT"
"VMAPSTEHI","Negative","APSTEH"
"SLLLVVEGV","Positive","LLVVEG"
"FLSSIGKAV","Negative","SSIGKA"
"YTSEILSPI","Positive","SEILSP"
"QQFCQYLIK","Negative","FCQYLI"
"VYMDAVFEY","Positive","MDAVFE"
"ILLLDQALV","Negative","LLDQAL"
"SLLERGQQL","Negative","LERGQQ"
"KYHVPIMKL","Negative","HVPIMK"
"VLQDQLTMV","Positive","QDQLTM"
"YLKLRSDVL","Negative","KLRSDV"
"YGDDVIFSY","Positive","DDVIFS"
"LYVIGGLEF","Negative","VIGGLE"
"MHDYISNTY","Negative","DYISNT"
"IFQTVVILY","Negative","QTVVIL"
"AATLKAFFK","Positive","TLKAFF"
"RQFHQKLLK","Negative","FHQKLL"
"FLYNRPLSV","Negative","YNRPLS"
"YLMDELRYV","Negative","MDELRY"
"GLVFRFSEV","Positive","VFRFSE"
"ILFYSKGPK","Negative","FYSKGP"
"DELVDPINY","Positive","LVDPIN"
"GELFFLSKL","Negative","LFFLSK"
"ALLGLTLGV","Positive","LGLTLG"
"SFWIDSIPK","Negative","WIDSIP"
"YAAFLWLFY","Negative","AFLWLF"
"GETLPTEVL","Positive","TLPTEV"
"SVFIYSKGK","Negative","FIYSKG"
"AYRPQNAPI","Negative","RPQNAP"
"MVNTVLITV","Negative","NTVLIT"
"KQIANELNY","Positive","IANELN"
"ILRGSVAHK","Positive","RGSVAH"
"VELMNLKEL","Negative","LMNLKE"
"MYASAVVLL","Negative","ASAVVL"
"IFNSTSVKK","Negative","NSTSVK"
"FLLKLTPLL","Positive","LKLTPL"
"AQCFKMFYK","Negative","CFKMFY"
"GSRAIWYMW","Positive","RAIWYM"
"IMSSFEFQV","Positive","SSFEFQ"
"APPPAPAPA","Positive","PPAPAP"
"FYIQMCTEL","Positive","IQMCTE"
"LEFIHSQGF","Negative","FIHSQG"
"YYRSLPGVF","Negative","RSLPGV"
"RVYANLGER","Negative","YANLGE"
"RRAIATPGM","Positive","AIATPG"
"FLVDGLSSI","Negative","VDGLSS"
"LPMLYFLYV","Negative","MLYFLY"
"REGNQSRCW","Negative","GNQSRC"
"LMAVVLASL","Negative","AVVLAS"
"MFNLDNDYI","Negative","NLDNDY"
"HISCLTFGR","Positive","SCLTFG"
"VLQAAIPLT","Negative","QAAIPL"
"VYLFSLVVL","Positive","LFSLVV"
"KEASFSKRL","Negative","ASFSKR"
"KAAVDLSHF","Positive","AVDLSH"
"EYYPKSNTW","Negative","YPKSNT"
"TEKIFVNAF","Negative","KIFVNA"
"FISNPPSMV","Negative","SNPPSM"
"NSSIISLFY","Negative","SIISLF"
"IIYTRNHEV","Positive","YTRNHE"
"RTAPHGHVM","Negative","APHGHV"
"PEAGDGNCF","Negative","AGDGNC"
"IPKYLEIEI","Positive","KYLEIE"
"ALDGVNLII","Negative","DGVNLI"
"AVVASASAF","Negative","VASASA"
"RVCEKMALY","Positive","CEKMAL"
"NIEDYLFTY","Negative","EDYLFT"
"MMLGTLVLL","Negative","LGTLVL"
"FLPDLNANA","Positive","PDLNAN"
"SFVYVPSAL","Positive","VYVPSA"
"TYRIIKSSF","Negative","RIIKSS"
"MLDDFSAGA","Negative","DDFSAG"
"SEVKFKYVL","Positive","VKFKYV"
"KYEPDMIKI","Negative","EPDMIK"
"INKRKKTSL","Positive","KRKKTS"
"SICSTMTNR","Positive","CSTMTN"
"KVSAVTLAY","Positive","SAVTLA"
"VYTQKKTLL","Negative","TQKKTL"
"IFNIIVPAI","Negative","NIIVPA"
"VADPYVVIM","Negative","DPYVVI"
"WLKIKRDYL","Positive","KIKRDY"
"LPISILNVL","Positive","ISILNV"
"EYFSLVSNI","Negative","FSLVSN"
"LVLEDILLA","Positive","LEDILL"
"SLLKSLLLL","Negative","LKSLLL"
"RLFRSPQVK","Negative","FRSPQV"
"WLWEPLRVV","Positive","WEPLRV"
"KYTHFFSGF","Negative","THFFSG"
"IAAVITREV","Positive","AVITRE"
"YMWLGSRFL","Negative","WLGSRF"
"YVASYLLAA","Negative","ASYLLA"
"KASMPTTIA","Positive","SMPTTI"
"EYMVYMFKY","Negative","MVYMFK"
"AVEYDGDIY","Negative","EYDGDI"
"YLKEYIPKA","Negative","KEYIPK"
"RYIEQDIPL","Negative","IEQDIP"
"RYYNMLDDF","Negative","YNMLDD"
"FWYTHNLIF","Positive","YTHNLI"
"EELINMKPF","Negative","LINMKP"
"IVAAYSLFR","Negative","AAYSLF"
"KLCCDIYHA","Negative","CCDIYH"
"LLLSNLAIV","Negative","LSNLAI"
"RLGVRATRK","Positive","GVRATR"
"RYRNRVLLL","Negative","RNRVLL"
"LLLHSLTPL","Positive","LHSLTP"
"FAMQMAYRF","Positive","MQMAYR"
"FYISVLDPL","Negative","ISVLDP"
"SILEDPPSI","Positive","LEDPPS"
"TLVPQEHYV","Negative","VPQEHY"
"GMANTTFHV","Negative","ANTTFH"
"CLGALLTMV","Positive","GALLTM"
"AIMEKNIIL","Positive","MEKNII"
"HVRVSQPSL","Positive","RVSQPS"
"WLGNIIMFA","Positive","GNIIMF"
"GPRAILGCA","Negative","RAILGC"
"YLYALVYFL","Positive","YALVYF"
"VIHDYICWL","Negative","HDYICW"
"SLFPEFSEL","Negative","FPEFSE"
"GPATAQMAL","Positive","ATAQMA"
"MLLKHDVSL","Positive","LKHDVS"
"LLSTAALPV","Positive","STAALP"
"KSYESGLPK","Negative","YESGLP"
"VTGPVGQLW","Negative","GPVGQL"
"NRYGVAYVY","Negative","YGVAYV"
"LTDHGTLPL","Negative","DHGTLP"
"SLNQTVHSL","Positive","NQTVHS"
"KLTFLDVEV","Positive","TFLDVE"
"SVFKGFSDK","Negative","FKGFSD"
"MPVTHSSAA","Positive","VTHSSA"
"METMFFIRF","Negative","TMFFIR"
"KRIQEIIEQ","Positive","IQEIIE"
"SLDLAEQEL","Positive","DLAEQE"
"FYISLIQGL","Negative","ISLIQG"
"NLSNLGILV","Positive","SNLGIL"
"GLTVLPPLL","Positive","TVLPPL"
"ETTKHAVSR","Positive","TKHAVS"
"LYSGNSILY","Negative","SGNSIL"
"AYQGDYKLF","Positive","QGDYKL"
"RYGSIPEEL","Negative","GSIPEE"
"ALGDLFQSI","Positive","GDLFQS"
"SQLAHLVYV","Positive","LAHLVY"
"GADLEKYFY","Negative","DLEKYF"
"QEPIRLNDF","Negative","PIRLND"
"SLDLTTSPV","Positive","DLTTSP"
"FPGFGQSLL","Positive","GFGQSL"
"TVYHGAGTK","Positive","YHGAGT"
"TAVPWNASW","Negative","VPWNAS"
"EERRIKLQL","Negative","RRIKLQ"
"YVMHANYIF","Positive","MHANYI"
"AYGSEVDYI","Negative","GSEVDY"
"SVVTNHKFY","Negative","VTNHKF"
"YIILGDSPV","Positive","ILGDSP"
"MFMYPEFAR","Negative","MYPEFA"
"VLSDFKSWL","Positive","SDFKSW"
"TYYINITKI","Negative","YINITK"
"RYWYFAAEL","Negative","WYFAAE"
"NPEISNKEF","Positive","EISNKE"
"VEKFLHTTF","Negative","KFLHTT"
"ILTDFSVIK","Positive","TDFSVI"
"TLLEFVFKL","Positive","LEFVFK"
"IILENILLF","Positive","LENILL"
"WLSYFIASF","Negative","SYFIAS"
"MSMGDIITY","Negative","MGDIIT"
"QTMLFTMLR","Negative","MLFTML"
"AVIEYDDIK","Negative","IEYDDI"
"FPDSNSPIM","Negative","DSNSPI"
"RAEAQLHAW","Positive","EAQLHA"
"ILLEDGMLL","Positive","LEDGML"
"VFIRFPHYF","Negative","IRFPHY"
"IYKDKQWSI","Negative","KDKQWS"
"GTINKILRK","Negative","INKILR"
"MIMASTSSI","Positive","MASTSS"
"GACFPLLDR","Positive","CFPLLD"
"RLAPFVYLL","Positive","APFVYL"
"RSFFKCFRY","Negative","FFKCFR"
"YFSTQQNKL","Negative","STQQNK"
"RPTPKGAVM","Positive","TPKGAV"
"WPRTTPTFL","Positive","RTTPTF"
"GQTEPIAFV","Positive","TEPIAF"
"SVLNDQYAK","Negative","LNDQYA"
"KPIVVLHGY","Positive","IVVLHG"
"ISNLPYTIK","Negative","NLPYTI"
"PENELRDYF","Negative","NELRDY"
"IVMGNGTLV","Negative","MGNGTL"
"WLMWLIINL","Negative","MWLIIN"
"KMIPLLFIL","Negative","IPLLFI"
"YFSKQTQTY","Negative","SKQTQT"
"AMQAAELPV","Positive","QAAELP"
"RTAWFVPSI","Positive","AWFVPS"
"MYKKAEASF","Negative","KKAEAS"
"RLVTVLPPT","Negative","VTVLPP"
"DEYLKSVSL","Negative","YLKSVS"
"LLVERQLVL","Positive","VERQLV"
"KTGWKTSFY","Negative","GWKTSF"
"RLWHYPCTL","Positive","WHYPCT"
"AYAEVNNII","Negative","AEVNNI"
"TLLRKHTLK","Positive","LRKHTL"
"LPPAYTNSF","Positive","PAYTNS"
"LVTAPSVLY","Negative","TAPSVL"
"YQWQWVPAV","Positive","WQWVPA"
"FVIRGDEVR","Positive","IRGDEV"
"MYIIHGKVL","Negative","IIHGKV"
"RTSISRMML","Negative","SISRMM"
"FPSSTSSSL","Negative","SSTSSS"
"RLAVYIDKV","Negative","AVYIDK"
"AVFPVIKHR","Negative","FPVIKH"
"KLIIHNPEL","Positive","IIHNPE"
"YVLEETSVM","Positive","LEETSV"
"YTGGYDVSL","Negative","GGYDVS"
"VRMVMMTHF","Positive","MVMMTH"
"RYAPACKPL","Positive","APACKP"
"FRHHRYDDL","Negative","HHRYDD"
"PYRVVVLSF","Negative","RVVVLS"
"IRSSVQNKL","Positive","SSVQNK"
"NFLEHTEFL","Negative","LEHTEF"
"GQHLPTLSF","Positive","HLPTLS"
"RPKPDTETY","Positive","KPDTET"
"TSDYLSQSY","Positive","DYLSQS"
"VPIVEDSFL","Positive","IVEDSF"
"LPPTAPPLL","Positive","PTAPPL"
"YYHISKPKM","Negative","HISKPK"
"MMPFSIVYI","Positive","PFSIVY"
"TVADVRHCL","Positive","ADVRHC"
"DEVHANHGF","Negative","VHANHG"
"SVFCEGELR","Negative","FCEGEL"
"FILEGILTV","Positive","LEGILT"
"APPAPATPV","Negative","PAPATP"
"DWANKQYKF","Negative","ANKQYK"
"NLIKLAQKV","Positive","IKLAQK"
"YLLDRGADI","Negative","LDRGAD"
"ATLPLLCAR","Positive","LPLLCA"
"AVASGAQAM","Negative","ASGAQA"
"FYGEPRKLL","Negative","GEPRKL"
"MTGGVTLVR","Negative","GGVTLV"
"KFPLAMPVW","Positive","PLAMPV"
"YYRTNHTVM","Positive","RTNHTV"
"QAKWRLQTL","Positive","KWRLQT"
"MAVGMVSIL","Positive","VGMVSI"
"ALMPLYACI","Positive","MPLYAC"
"IVDSLTEMY","Positive","DSLTEM"
"EEQILASIL","Negative","QILASI"
"ILLMRTTWA","Positive","LMRTTW"
"FFSGSFASI","Negative","SGSFAS"
"YTFFSYLMK","Negative","FFSYLM"
"IPYIAQMCL","Negative","YIAQMC"
"MKITAEWLW","Positive","ITAEWL"
"FLLPDAQSI","Negative","LPDAQS"
"LPGCSFSIF","Positive","GCSFSI"
"GPIKSMIEI","Negative","IKSMIE"
"LPAADLDDF","Positive","AADLDD"
"NIWGAVEKV","Positive","WGAVEK"
"MTLCAEVKK","Positive","LCAEVK"
"FLYNLLTRV","Positive","YNLLTR"
"SWLSLLVPF","Positive","LSLLVP"
"STNKELESY","Negative","NKELES"
"YLPEVISTI","Positive","PEVIST"
"LLIEGGLFL","Positive","IEGGLF"
"KTLDFKSKK","Negative","LDFKSK"
"DYQGKPLEF","Negative","QGKPLE"
"TLKDIVLDL","Positive","KDIVLD"
"RMPEAAPPV","Positive","PEAAPP"
"EMMKTYIEF","Negative","MKTYIE"
"YLYALYSPL","Negative","YALYSP"
"RHDITGFIL","Negative","DITGFI"
"YPKTKLTDW","Positive","KTKLTD"
"LLAQFTSAI","Negative","AQFTSA"
"LLLIYLYLK","Negative","LIYLYL"
"VMVKINPTL","Negative","VKINPT"
"VFFNEAFII","Negative","FNEAFI"
"LLSINSSFY","Negative","SINSSF"
"LYLILFLLF","Negative","LILFLL"
"LLVERASLM","Positive","VERASL"
"LVVEGSLFV","Positive","VEGSLF"
"SLLLLPVSV","Positive","LLLPVS"
"KPKMYVLNI","Negative","KMYVLN"
"ETSSLGNLY","Negative","SSLGNL"
"VVIYDFLVK","Negative","IYDFLV"
"IFCESVFQK","Negative","CESVFQ"
"VLPIPNLVK","Negative","PIPNLV"
"SERDNYITL","Negative","RDNYIT"
"EYIIATIYY","Negative","IIATIY"
"LLSHGLIQY","Positive","SHGLIQ"
"VMGTTLAEM","Negative","GTTLAE"
"KLSDYEGRL","Positive","SDYEGR"
"YTDLTYQSF","Negative","DLTYQS"
"DFKSKYLTL","Positive","KSKYLT"
"AIIRILQQL","Positive","IRILQQ"
"LTSKELSAY","Negative","SKELSA"
"KMMVHIYFV","Positive","MVHIYF"
"LVGPTPVNI","Positive","GPTPVN"
"CYSRPVVIF","Negative","SRPVVI"
"FMGDIHQPL","Positive","GDIHQP"
"KYLLDNDII","Negative","LLDNDI"
"VPFVVFLVA","Positive","FVVFLV"
"NILFVITKL","Negative","LFVITK"
"RIAAWMATY","Positive","AAWMAT"
"KFVYYLDLI","Negative","VYYLDL"
"DESRDRKWL","Negative","SRDRKW"
"QLDHGVLLV","Negative","DHGVLL"
"KLCTFSFLI","Positive","CTFSFL"
"RSFDDKFPK","Negative","FDDKFP"
"STKRKKVKK","Negative","KRKKVK"
"RQEEVQELY","Negative","EEVQEL"
"VVENPTIQK","Negative","ENPTIQ"
"LYNEHSKKF","Negative","NEHSKK"
"RVYNNTARY","Negative","YNNTAR"
"HSNTYYSKY","Negative","NTYYSK"
"IRMFKILPL","Positive","MFKILP"
"YLWEWASVR","Positive","WEWASV"
"LPRIALVRL","Negative","RIALVR"
"KMKDLSPRW","Positive","KDLSPR"
"ILHTNMPNV","Positive","HTNMPN"
"IPISLHTSL","Negative","ISLHTS"
"LTVMYMLNK","Negative","VMYMLN"
"SSDPLVVAA","Negative","DPLVVA"
"IFRVSTKLL","Negative","RVSTKL"
"SVNNLQMDK","Negative","NNLQMD"
"RLARLALVL","Positive","ARLALV"
"YAASRPAVM","Negative","ASRPAV"
"TPQDNQLTY","Positive","QDNQLT"
"YLACLAAVI","Positive","ACLAAV"
"TPNIPPSFL","Positive","NIPPSF"
"SLTTISTTL","Positive","TTISTT"
"KLIVTPAAL","Positive","IVTPAA"
"QIKVRVKMV","Positive","KVRVKM"
"RLAGSSLNL","Positive","AGSSLN"
"GLVRNLGVL","Positive","VRNLGV"
"SSKYVTFTK","Negative","KYVTFT"
"RYIDPRRNI","Negative","IDPRRN"
"NETDDDGNY","Negative","TDDDGN"
"SIIAYTMSL","Positive","IAYTMS"
"TTWEDVPYL","Positive","WEDVPY"
"LFFLSKLQR","Negative","FLSKLQ"
"QTANVVFRY","Negative","ANVVFR"
"ILNFCKLFK","Negative","NFCKLF"
"PEIFIGNIF","Negative","IFIGNI"
"REHTTLYYY","Negative","HTTLYY"
"LVMAQLLRI","Positive","MAQLLR"
"YVFPNTSIK","Negative","FPNTSI"
"LLVLFIVYV","Positive","VLFIVY"
"KSYSLIRPK","Negative","YSLIRP"
"FLNQTDETL","Positive","NQTDET"
"RPPLENRVL","Positive","PLENRV"
"FTLVAPVSI","Positive","LVAPVS"
"KMARLGKGY","Positive","ARLGKG"
"FTFGDTALY","Negative","FGDTAL"
